movie_id,code_level_0,code_level_1,code_level_2
0,5,22,20
1,28,7,1
2,0,18,22
3,26,21,1
4,8,1,25
5,14,13,1
6,0,21,29
7,1,18,3
8,31,21,19
9,20,30,31
10,29,12,23
11,8,8,19
12,5,10,21
13,2,21,19
14,17,23,5
15,22,3,29
16,15,3,23
17,27,21,29
18,8,1,25
19,31,18,3
20,26,9,21
21,22,1,25
22,27,13,12
23,2,21,12
24,15,18,23
25,2,21,1
26,2,21,25
27,29,21,2
28,4,23,20
29,2,18,12
30,2,21,25
31,2,25,2
32,30,22,2
33,15,21,19
34,2,21,23
35,19,21,22
36,8,18,12
37,0,3,23
38,2,18,23
39,2,1,1
40,2,9,7
41,2,21,25
42,10,10,19
43,26,18,1
44,15,3,1
45,27,1,0
46,11,15,5
47,15,21,1
48,27,21,7
49,8,3,25
50,2,21,19
51,9,18,22
52,2,18,12
53,1,1,7
54,2,18,12
55,15,21,19
56,2,1,25
57,1,25,19
58,22,3,25
59,2,3,25
60,8,18,19
61,0,18,23
62,8,21,19
63,21,12,3
64,0,18,30
65,8,3,23
66,14,13,31
67,31,13,19
68,26,21,25
69,2,1,23
70,15,21,22
71,26,21,23
72,27,23,11
73,19,21,19
74,2,21,12
75,22,21,25
76,2,21,1
77,15,18,29
78,2,21,12
79,2,21,12
80,26,18,29
81,15,21,29
82,6,25,20
83,9,18,2
84,8,21,23
85,14,3,1
86,2,1,22
87,22,21,22
88,0,18,30
89,2,21,23
90,14,25,29
91,8,18,23
92,2,21,23
93,14,13,21
94,19,3,12
95,22,3,22
96,8,21,29
97,8,18,12
98,27,3,21
99,8,21,25
100,15,3,30
101,26,21,25
102,1,26,30
103,19,21,1
104,6,25,30
105,22,3,29
106,17,0,2
107,2,1,25
108,2,3,25
109,19,21,22
110,19,18,21
111,0,1,25
112,8,3,12
113,2,21,25
114,0,18,23
115,15,3,30
116,2,21,19
117,8,21,23
118,28,3,10
119,19,21,25
120,0,18,25
121,15,21,29
122,27,3,22
123,8,18,12
124,19,3,19
125,19,21,7
126,15,18,23
127,8,21,25
128,8,21,19
129,31,13,23
130,28,7,17
131,2,21,1
132,2,21,1
133,22,13,12
134,2,1,12
135,15,3,1
136,7,12,25
137,17,21,22
138,2,21,19
139,2,1,12
140,8,18,19
141,8,1,25
142,24,9,10
143,2,1,23
144,10,16,26
145,22,21,13
146,19,18,25
147,14,3,19
148,27,0,19
149,14,25,30
150,26,1,23
151,2,18,12
152,17,29,5
153,1,29,11
154,14,13,25
155,8,3,12
156,12,15,20
157,10,23,22
158,8,21,25
159,2,21,25
160,8,21,12
161,7,21,19
162,8,21,19
163,15,3,23
164,8,3,23
165,1,9,17
166,15,21,23
167,27,3,29
168,2,1,25
169,27,23,11
170,8,18,23
171,8,21,25
172,7,3,25
173,8,3,25
174,27,13,20
175,2,21,12
176,2,21,12
177,2,18,12
178,29,12,1
179,7,0,22
180,2,18,12
181,18,16,26
182,2,1,23
183,27,3,25
184,2,21,19
185,15,1,29
186,8,18,25
187,18,16,10
188,26,21,29
189,19,18,12
190,15,3,25
191,10,10,21
192,2,21,19
193,19,21,7
194,2,21,1
195,8,21,25
196,2,18,12
197,2,18,29
198,15,18,29
199,8,21,25
200,22,13,12
201,26,21,23
202,2,21,25
203,7,18,1
204,15,13,23
205,8,3,12
206,29,12,1
207,22,3,22
208,31,1,23
209,8,21,29
210,22,3,19
211,22,3,25
212,8,3,23
213,26,21,23
214,2,18,29
215,8,1,23
216,26,21,23
217,0,18,23
218,0,18,23
219,1,9,20
220,5,26,5
221,27,13,12
222,30,3,1
223,2,1,12
224,8,3,23
225,5,14,12
226,2,21,19
227,19,21,23
228,15,17,3
229,8,21,12
230,15,3,23
231,9,18,2
232,31,21,25
233,0,18,12
234,2,21,23
235,2,21,12
236,8,21,23
237,8,1,12
238,27,18,12
239,1,26,5
240,22,21,23
241,16,7,20
242,2,21,19
243,30,1,1
244,2,18,12
245,2,21,19
246,15,18,29
247,15,1,30
248,8,21,25
249,2,21,19
250,2,21,19
251,15,21,23
252,2,21,19
253,2,21,19
254,2,8,3
255,8,21,12
256,8,18,12
257,0,18,23
258,2,21,19
259,8,18,23
260,2,21,19
261,22,3,19
262,2,21,23
263,2,18,12
264,2,21,19
265,0,18,23
266,14,13,1
267,0,18,29
268,2,21,19
269,27,21,25
270,6,17,11
271,22,11,22
272,0,18,22
273,0,1,12
274,2,1,25
275,2,21,1
276,8,21,25
277,2,18,12
278,2,21,25
279,15,3,23
280,15,21,29
281,17,18,2
282,26,21,23
283,8,21,25
284,2,18,12
285,2,21,19
286,2,21,19
287,2,18,12
288,8,18,12
289,8,21,19
290,5,25,1
291,2,21,19
292,31,3,23
293,3,9,20
294,9,1,10
295,2,1,25
296,27,13,23
297,27,1,29
298,2,3,23
299,26,21,1
300,8,21,25
301,8,21,23
302,2,18,12
303,4,22,2
304,7,18,23
305,16,7,3
306,8,8,19
307,2,1,29
308,25,13,10
309,8,18,25
310,2,21,12
311,27,21,25
312,2,1,25
313,2,21,1
314,21,12,20
315,0,18,22
316,6,25,20
317,2,21,23
318,0,18,22
319,30,28,24
320,8,1,12
321,26,1,12
322,2,21,29
323,2,21,25
324,8,21,25
325,20,15,20
326,22,21,25
327,29,12,25
328,8,21,25
329,14,3,5
330,2,21,19
331,9,14,22
332,0,21,19
333,0,18,22
334,2,21,1
335,29,12,23
336,31,22,20
337,15,3,29
338,28,7,5
339,19,21,19
340,11,1,30
341,2,21,19
342,7,18,22
343,8,18,19
344,31,22,20
345,2,21,23
346,8,21,25
347,26,21,23
348,26,21,23
349,27,13,12
350,9,13,2
351,2,21,23
352,14,1,29
353,14,1,12
354,0,18,23
355,4,10,21
356,17,7,28
357,2,21,23
358,2,8,3
359,19,3,7
360,31,13,19
361,2,21,23
362,2,21,19
363,8,9,25
364,2,21,19
365,15,3,22
366,26,9,25
367,2,21,23
368,1,9,4
369,31,1,30
370,31,18,19
371,7,13,12
372,20,31,25
373,2,21,23
374,27,8,3
375,2,21,19
376,2,3,23
377,8,18,23
378,8,21,23
379,2,21,19
380,8,3,25
381,8,21,1
382,8,17,3
383,19,3,7
384,0,18,23
385,2,1,25
386,8,21,12
387,31,26,2
388,1,13,12
389,27,13,12
390,14,13,1
391,2,21,23
392,15,21,19
393,25,15,22
394,27,11,23
395,2,21,19
396,8,18,12
397,2,21,19
398,2,21,25
399,8,18,12
400,8,21,23
401,17,0,30
402,8,1,12
403,22,13,12
404,8,3,23
405,31,22,20
406,0,3,23
407,8,18,12
408,4,16,9
409,19,1,30
410,0,18,1
411,8,3,25
412,15,21,22
413,0,13,23
414,2,21,1
415,8,3,25
416,26,21,25
417,15,3,1
418,2,18,19
419,8,21,19
420,22,13,12
421,24,29,2
422,2,21,25
423,14,25,22
424,2,1,23
425,31,21,30
426,8,18,23
427,15,18,29
428,17,18,1
429,22,3,25
430,12,30,15
431,6,21,19
432,18,22,2
433,8,3,23
434,0,18,23
435,15,21,19
436,8,21,12
437,0,21,25
438,26,21,23
439,8,18,19
440,14,1,23
441,2,21,19
442,26,21,23
443,2,18,23
444,8,3,12
445,31,1,19
446,3,4,17
447,22,3,25
448,27,1,29
449,2,21,23
450,1,10,20
451,18,13,11
452,8,18,12
453,8,18,1
454,2,21,25
455,8,3,19
456,27,21,1
457,2,21,19
458,8,21,19
459,6,13,12
460,14,13,10
461,2,18,29
462,29,12,23
463,0,18,30
464,15,21,22
465,0,18,22
466,8,21,25
467,2,21,12
468,24,16,12
469,2,18,12
470,4,16,21
471,8,18,12
472,2,1,25
473,6,13,25
474,2,3,25
475,15,18,23
476,2,21,19
477,6,3,25
478,7,0,22
479,0,18,23
480,8,21,25
481,2,18,25
482,26,3,25
483,6,21,25
484,8,21,12
485,27,23,7
486,8,18,19
487,27,1,19
488,6,13,23
489,2,1,23
490,2,18,29
491,2,21,19
492,2,21,1
493,2,21,23
494,2,21,25
495,2,21,19
496,30,3,10
497,8,18,23
498,31,21,19
499,15,3,19
500,2,21,19
501,2,21,19
502,26,21,23
503,2,21,23
504,0,21,1
505,27,13,12
506,31,6,3
507,8,21,25
508,0,17,3
509,31,21,25
510,23,9,6
511,20,30,22
512,18,18,2
513,19,25,23
514,0,21,7
515,9,25,1
516,17,13,25
517,19,21,7
518,27,3,29
519,31,11,29
520,19,21,30
521,13,20,11
522,8,3,23
523,2,18,12
524,27,13,19
525,26,21,25
526,2,3,23
527,8,21,12
528,7,13,25
529,0,21,1
530,2,18,19
531,26,21,23
532,9,10,20
533,26,21,23
534,2,18,25
535,2,18,23
536,26,21,23
537,9,18,25
538,1,21,22
539,2,21,19
540,19,18,24
541,26,21,19
542,8,3,12
543,9,18,23
544,0,17,3
545,5,26,10
546,20,15,26
547,6,14,20
548,4,29,20
549,22,21,19
550,11,10,12
551,11,14,17
552,5,1,1
553,0,21,1
554,8,18,23
555,19,21,7
556,27,13,12
557,19,13,12
558,8,21,19
559,15,21,1
560,7,3,19
561,22,21,23
562,1,9,12
563,23,10,6
564,12,31,2
565,8,21,25
566,15,21,19
567,22,21,19
568,2,21,19
569,5,14,12
570,2,18,12
571,0,18,23
572,8,21,29
573,2,21,1
574,8,21,23
575,22,3,25
576,22,21,19
577,15,3,22
578,5,14,12
579,19,3,13
580,8,21,12
581,26,21,23
582,8,3,25
583,29,21,23
584,8,21,25
585,22,3,22
586,2,21,23
587,2,21,23
588,10,10,26
589,26,21,1
590,2,21,19
591,19,18,12
592,10,25,1
593,8,18,12
594,27,13,10
595,11,13,2
596,27,3,30
597,8,21,19
598,8,21,23
599,19,13,12
600,31,1,25
601,2,1,25
602,2,3,25
603,2,21,19
604,31,26,26
605,13,5,11
606,4,3,1
607,22,21,25
608,31,3,9
609,19,13,12
610,2,21,25
611,17,21,22
612,0,18,25
613,12,3,25
614,31,18,25
615,27,3,25
616,15,21,23
617,2,21,25
618,8,21,23
619,2,21,19
620,2,18,12
621,10,10,21
622,8,3,23
623,27,1,30
624,0,18,29
625,5,10,1
626,8,18,12
627,1,10,20
628,19,13,12
629,2,18,12
630,19,18,7
631,8,25,23
632,8,18,23
633,1,7,27
634,19,21,24
635,2,8,3
636,8,21,25
637,2,21,1
638,8,18,25
639,27,21,23
640,19,13,23
641,20,15,3
642,8,8,3
643,20,30,19
644,18,16,26
645,1,16,27
646,27,21,2
647,8,21,23
648,9,17,4
649,19,1,22
650,8,3,23
651,12,1,30
652,31,6,13
653,8,18,12
654,26,21,23
655,1,13,2
656,30,3,1
657,19,1,24
658,19,3,13
659,18,9,26
660,8,24,25
661,15,18,29
662,26,18,12
663,2,21,23
664,2,21,23
665,19,1,19
666,26,18,12
667,7,13,12
668,2,21,23
669,15,3,23
670,4,9,21
671,2,3,23
672,27,13,12
673,5,28,1
674,8,21,25
675,8,21,25
676,14,1,29
677,0,25,10
678,2,18,12
679,20,13,3
680,8,21,23
681,2,1,23
682,9,18,1
683,15,3,22
684,29,1,2
685,0,21,23
686,2,18,12
687,2,21,1
688,0,21,25
689,1,21,29
690,17,9,2
691,9,14,7
692,8,21,23
693,8,1,25
694,14,0,29
695,8,18,23
696,2,3,25
697,28,18,2
698,8,21,19
699,8,21,12
700,2,21,23
701,22,3,29
702,8,21,23
703,2,21,25
704,20,30,31
705,9,18,23
706,29,12,23
707,14,25,10
708,8,21,19
709,7,3,3
710,7,18,25
711,2,1,22
712,2,21,12
713,26,21,12
714,2,21,23
715,3,2,3
716,2,21,19
717,2,21,19
718,0,18,29
719,2,21,23
720,6,13,25
721,8,21,23
722,14,25,22
723,2,21,25
724,8,1,23
725,26,21,25
726,22,11,22
727,8,18,25
728,19,13,25
729,8,18,12
730,2,3,25
731,2,21,19
732,31,25,10
733,2,21,19
734,7,3,3
735,21,12,20
736,9,10,20
737,22,18,12
738,30,1,19
739,31,13,25
740,5,25,2
741,25,15,22
742,29,12,2
743,2,21,12
744,2,21,25
745,18,18,30
746,0,21,22
747,29,21,21
748,29,1,29
749,8,21,1
750,15,21,12
751,27,0,22
752,27,21,12
753,8,21,25
754,27,21,19
755,0,18,22
756,22,3,19
757,26,21,25
758,8,18,25
759,29,21,26
760,15,21,12
761,19,21,23
762,29,21,29
763,0,21,29
764,0,21,30
765,30,1,10
766,19,3,22
767,1,14,14
768,15,21,29
769,8,21,23
770,19,21,22
771,2,21,23
772,14,6,14
773,18,11,2
774,2,21,1
775,8,21,12
776,27,3,5
777,27,21,29
778,27,3,19
779,27,11,22
780,29,21,2
781,0,17,11
782,8,21,25
783,8,21,19
784,0,3,19
785,0,18,22
786,19,21,22
787,26,21,1
788,10,9,10
789,18,14,22
790,19,24,25
791,15,21,30
792,2,21,19
793,0,3,1
794,26,1,25
795,8,18,12
796,2,21,25
797,2,21,23
798,19,18,25
799,8,21,23
800,18,3,20
801,2,1,25
802,2,21,19
803,8,21,25
804,15,3,12
805,2,21,12
806,8,1,25
807,2,1,25
808,2,21,19
809,2,3,23
810,2,21,23
811,19,3,1
812,19,21,7
813,27,21,23
814,2,21,1
815,19,13,12
816,25,1,30
817,10,10,5
818,26,21,23
819,2,21,19
820,2,21,12
821,2,21,25
822,15,21,22
823,29,21,29
824,2,21,1
825,18,10,10
826,2,21,23
827,26,21,12
828,1,10,3
829,15,18,29
830,26,21,1
831,20,13,20
832,2,3,23
833,27,13,20
834,2,21,19
835,2,21,1
836,6,3,21
837,22,21,25
838,31,24,3
839,19,24,3
840,19,24,3
841,8,21,25
842,22,21,25
843,14,1,29
844,9,25,25
845,2,21,25
846,9,18,25
847,19,1,12
848,28,7,1
849,9,18,2
850,24,26,8
851,30,3,19
852,30,18,22
853,30,22,10
854,1,9,10
855,9,18,25
856,1,10,21
857,9,18,23
858,28,0,22
859,8,18,25
860,9,18,2
861,11,10,21
862,5,25,1
863,5,14,7
864,5,14,7
865,30,3,19
866,2,1,25
867,9,4,21
868,5,18,1
869,13,7,11
870,1,28,22
871,5,4,22
872,11,10,2
873,19,24,3
874,19,3,21
875,14,13,3
876,12,13,25
877,2,21,25
878,2,21,25
879,2,21,19
880,8,21,23
881,15,21,25
882,2,21,29
883,15,21,23
884,14,13,10
885,10,10,1
886,2,1,24
887,2,21,1
888,2,18,19
889,2,21,12
890,27,13,12
891,2,21,19
892,0,1,19
893,2,21,23
894,15,21,1
895,26,21,23
896,2,18,23
897,2,3,25
898,5,26,10
899,0,18,1
900,0,1,7
901,19,24,1
902,27,13,20
903,29,21,23
904,1,19,30
905,27,13,29
906,8,1,25
907,8,3,23
908,8,21,12
909,8,21,12
910,8,21,19
911,2,21,25
912,8,3,1
913,2,18,12
914,18,29,9
915,27,3,25
916,19,3,21
917,29,3,1
918,27,21,19
919,2,1,13
920,8,21,23
921,27,18,25
922,2,21,12
923,15,21,13
924,2,1,25
925,2,21,23
926,24,29,12
927,8,3,12
928,2,18,12
929,18,17,3
930,31,11,29
931,2,21,12
932,2,21,23
933,7,18,19
934,19,18,3
935,6,21,19
936,8,21,25
937,2,21,25
938,2,1,23
939,2,1,25
940,2,21,23
941,2,21,1
942,2,21,1
943,19,18,25
944,2,21,19
945,8,1,12
946,8,1,1
947,3,2,11
948,7,13,12
949,3,2,3
950,7,13,25
951,2,21,19
952,2,1,25
953,8,18,12
954,8,1,23
955,19,18,25
956,19,1,12
957,19,1,29
958,9,14,27
959,2,21,19
960,24,15,11
961,27,21,19
962,19,3,23
963,19,18,1
964,8,18,12
965,2,21,25
966,8,21,23
967,2,1,25
968,2,21,19
969,8,3,25
970,7,13,12
971,19,21,23
972,31,9,19
973,8,21,19
974,29,12,2
975,2,21,25
976,8,18,23
977,8,21,12
978,2,1,23
979,2,18,12
980,2,3,13
981,2,18,23
982,8,18,23
983,31,13,21
984,15,3,23
985,8,3,25
986,2,21,25
987,2,21,23
988,2,18,12
989,0,18,30
990,19,18,22
991,2,3,23
992,19,3,1
993,19,3,25
994,2,21,23
995,8,18,12
996,3,9,14
997,10,22,5
998,10,9,10
999,19,21,22
1000,20,7,11
1001,31,1,7
1002,8,21,25
1003,2,21,23
1004,4,7,20
1005,23,27,4
1006,19,23,3
1007,2,18,23
1008,2,21,12
1009,19,21,7
1010,16,15,5
1011,29,12,2
1012,27,1,23
1013,2,18,29
1014,12,8,25
1015,10,8,17
1016,18,11,30
1017,2,21,25
1018,14,13,10
1019,27,8,3
1020,31,22,20
1021,6,3,25
1022,6,3,25
1023,9,14,27
1024,2,3,23
1025,2,21,19
1026,0,18,30
1027,22,3,23
1028,2,21,23
1029,0,18,29
1030,2,21,19
1031,19,0,22
1032,6,1,12
1033,8,18,23
1034,8,3,25
1035,26,21,23
1036,2,18,12
1037,8,1,25
1038,20,7,26
1039,8,18,23
1040,6,13,25
1041,26,1,25
1042,29,12,25
1043,2,1,25
1044,2,21,1
1045,15,18,23
1046,27,1,30
1047,27,3,22
1048,2,1,23
1049,2,21,23
1050,27,21,19
1051,2,23,3
1052,4,7,20
1053,8,18,23
1054,8,1,12
1055,8,18,25
1056,7,13,12
1057,6,28,3
1058,27,24,29
1059,17,23,23
1060,18,9,1
1061,2,21,25
1062,14,12,5
1063,0,21,19
1064,19,18,7
1065,27,1,30
1066,2,18,1
1067,27,22,20
1068,31,22,20
1069,2,3,25
1070,2,21,19
1071,26,21,1
1072,23,2,11
1073,10,10,21
1074,26,21,25
1075,6,11,22
1076,8,8,3
1077,26,21,1
1078,2,21,19
1079,8,18,23
1080,11,10,11
1081,19,13,12
1082,19,18,23
1083,8,21,23
1084,15,21,23
1085,4,29,3
1086,26,1,23
1087,19,1,12
1088,15,3,23
1089,10,0,30
1090,8,18,12
1091,2,21,19
1092,8,3,23
1093,2,21,19
1094,15,21,22
1095,8,3,25
1096,2,1,23
1097,2,21,23
1098,2,21,19
1099,31,18,9
1100,2,21,30
1101,18,23,1
1102,31,22,10
1103,2,21,12
1104,2,1,12
1105,0,21,1
1106,19,1,24
1107,8,18,23
1108,2,21,19
1109,19,24,3
1110,8,21,23
1111,12,8,3
1112,7,13,12
1113,7,21,19
1114,7,21,19
1115,7,21,19
1116,7,1,19
1117,7,3,19
1118,7,21,19
1119,7,3,23
1120,7,13,25
1121,8,8,3
1122,7,12,24
1123,27,8,3
1124,7,13,25
1125,7,18,26
1126,7,9,11
1127,7,13,12
1128,7,3,25
1129,7,11,22
1130,7,18,19
1131,7,3,25
1132,7,3,19
1133,27,21,29
1134,27,1,29
1135,7,13,12
1136,7,13,12
1137,7,21,3
1138,7,3,23
1139,7,3,25
1140,7,13,12
1141,2,21,25
1142,27,3,23
1143,0,21,30
1144,2,21,25
1145,25,15,29
1146,16,7,11
1147,15,3,25
1148,22,21,25
1149,24,26,30
1150,19,21,23
1151,2,21,19
1152,2,18,12
1153,2,21,25
1154,2,18,12
1155,9,1,1
1156,22,13,12
1157,14,13,1
1158,16,7,3
1159,16,7,11
1160,16,7,22
1161,16,7,3
1162,3,4,17
1163,16,3,3
1164,17,3,22
1165,8,9,25
1166,31,3,20
1167,0,3,1
1168,0,1,23
1169,2,9,21
1170,4,10,12
1171,2,21,25
1172,31,1,30
1173,31,8,8
1174,31,23,8
1175,31,23,23
1176,8,21,19
1177,4,22,30
1178,26,21,25
1179,15,3,23
1180,8,21,12
1181,26,21,23
1182,2,21,12
1183,2,21,19
1184,29,0,30
1185,2,21,25
1186,2,18,12
1187,2,21,25
1188,24,22,21
1189,2,18,12
1190,27,8,3
1191,4,15,13
1192,0,18,25
1193,26,21,1
1194,2,18,12
1195,2,21,19
1196,2,21,25
1197,8,21,12
1198,15,13,29
1199,2,25,1
1200,2,3,19
1201,2,21,25
1202,19,21,22
1203,19,18,23
1204,27,3,19
1205,2,3,23
1206,8,21,12
1207,24,7,0
1208,27,21,30
1209,2,21,19
1210,18,10,10
1211,18,22,2
1212,31,25,19
1213,8,8,3
1214,8,21,25
1215,2,21,25
1216,14,25,22
1217,8,21,25
1218,8,3,23
1219,0,18,23
1220,2,21,19
1221,8,21,12
1222,8,1,12
1223,8,3,12
1224,19,13,12
1225,8,21,23
1226,19,21,13
1227,0,21,1
1228,8,18,12
1229,0,18,22
1230,8,21,23
1231,0,21,1
1232,29,21,29
1233,27,21,25
1234,9,18,23
1235,8,21,23
1236,0,18,23
1237,19,0,29
1238,2,21,25
1239,2,18,12
1240,0,21,3
1241,2,21,19
1242,27,3,19
1243,26,1,30
1244,9,18,1
1245,29,21,29
1246,26,21,29
1247,29,21,29
1248,14,11,22
1249,22,9,22
1250,26,21,23
1251,22,3,25
1252,19,18,23
1253,8,18,25
1254,2,21,25
1255,2,1,1
1256,6,17,22
1257,5,1,25
1258,8,21,23
1259,29,21,24
1260,8,21,23
1261,23,31,11
1262,15,21,19
1263,31,1,19
1264,15,21,25
1265,20,25,3
1266,8,24,1
1267,19,18,25
1268,29,21,2
1269,8,21,12
1270,2,21,23
1271,2,18,12
1272,2,21,19
1273,2,18,12
1274,8,21,12
1275,8,21,12
1276,29,21,2
1277,22,18,19
1278,8,21,25
1279,8,1,25
1280,14,1,29
1281,2,21,25
1282,29,21,24
1283,2,21,25
1284,31,11,29
1285,23,7,15
1286,8,21,23
1287,4,10,8
1288,2,18,12
1289,2,21,19
1290,8,18,23
1291,2,18,23
1292,2,3,23
1293,15,21,1
1294,8,3,23
1295,1,3,10
1296,8,18,25
1297,0,21,22
1298,29,12,22
1299,2,21,19
1300,3,23,8
1301,2,3,23
1302,8,3,12
1303,30,3,25
1304,15,3,25
1305,0,1,23
1306,24,29,17
1307,20,15,3
1308,15,21,23
1309,12,30,11
1310,17,23,0
1311,2,21,19
1312,0,21,7
1313,8,17,3
1314,13,7,6
1315,2,21,19
1316,0,21,30
1317,19,23,11
1318,0,18,23
1319,2,21,19
1320,12,13,3
1321,29,21,23
1322,2,21,1
1323,10,13,22
1324,8,18,23
1325,1,1,23
1326,24,7,21
1327,2,1,12
1328,8,3,25
1329,6,21,22
1330,10,9,25
1331,9,1,1
1332,2,21,23
1333,12,0,12
1334,3,17,21
1335,9,10,10
1336,0,18,23
1337,2,21,19
1338,24,14,14
1339,2,21,23
1340,14,0,5
1341,22,21,25
1342,31,13,25
1343,15,3,22
1344,2,1,23
1345,8,3,25
1346,27,23,30
1347,31,22,20
1348,18,11,30
1349,10,10,7
1350,14,9,21
1351,2,21,23
1352,14,13,1
1353,2,21,25
1354,8,18,23
1355,2,21,23
1356,8,18,23
1357,14,25,3
1358,14,25,20
1359,27,24,19
1360,2,1,19
1361,22,18,23
1362,2,21,19
1363,26,21,25
1364,7,3,7
1365,2,21,19
1366,27,18,25
1367,22,9,22
1368,31,0,3
1369,0,21,1
1370,27,21,22
1371,0,18,25
1372,2,21,23
1373,2,21,1
1374,14,13,21
1375,15,3,23
1376,8,1,25
1377,8,21,19
1378,26,21,23
1379,15,21,22
1380,27,8,22
1381,27,8,25
1382,8,21,12
1383,27,21,19
1384,26,0,12
1385,19,21,25
1386,2,21,12
1387,2,21,23
1388,22,0,29
1389,24,29,11
1390,7,18,3
1391,29,21,2
1392,19,21,19
1393,27,11,22
1394,2,21,19
1395,2,3,25
1396,27,21,29
1397,19,3,7
1398,8,18,30
1399,2,21,29
1400,8,3,23
1401,29,21,29
1402,6,13,25
1403,2,21,19
1404,29,18,2
1405,2,3,25
1406,19,18,21
1407,2,21,1
1408,2,21,23
1409,15,17,3
1410,27,3,23
1411,3,4,17
1412,8,18,23
1413,2,21,23
1414,8,21,19
1415,15,21,19
1416,10,21,17
1417,2,21,12
1418,22,11,22
1419,29,21,24
1420,29,1,23
1421,27,13,12
1422,14,3,1
1423,11,10,3
1424,8,18,10
1425,12,9,31
1426,25,1,30
1427,2,21,25
1428,2,18,12
1429,2,18,12
1430,2,18,23
1431,2,18,12
1432,26,21,23
1433,9,3,1
1434,8,18,23
1435,2,21,19
1436,9,1,1
1437,26,1,23
1438,9,18,1
1439,27,13,29
1440,27,8,30
1441,27,21,29
1442,2,21,23
1443,3,13,3
1444,15,21,1
1445,14,25,5
1446,2,18,12
1447,2,21,25
1448,2,18,29
1449,2,21,19
1450,2,18,19
1451,2,3,23
1452,8,18,12
1453,27,22,10
1454,15,18,29
1455,26,18,19
1456,15,21,23
1457,1,16,3
1458,2,3,19
1459,19,18,19
1460,20,25,3
1461,8,21,25
1462,26,21,23
1463,27,23,7
1464,29,21,2
1465,28,23,22
1466,14,13,10
1467,8,18,12
1468,14,0,25
1469,29,21,23
1470,7,21,19
1471,2,21,19
1472,2,21,1
1473,8,1,7
1474,12,31,18
1475,15,21,1
1476,14,13,21
1477,27,11,22
1478,7,13,12
1479,31,26,2
1480,0,21,22
1481,4,17,1
1482,19,1,30
1483,0,18,23
1484,27,13,10
1485,26,18,29
1486,31,18,12
1487,2,25,30
1488,2,21,1
1489,14,13,21
1490,8,21,25
1491,26,18,12
1492,6,13,21
1493,19,21,19
1494,27,13,20
1495,2,18,19
1496,15,9,21
1497,2,21,25
1498,22,21,23
1499,24,26,2
1500,2,3,25
1501,26,18,12
1502,2,1,19
1503,2,1,23
1504,30,22,10
1505,2,21,25
1506,26,21,29
1507,29,12,2
1508,0,18,22
1509,9,10,10
1510,8,17,31
1511,2,21,30
1512,28,10,21
1513,8,21,24
1514,15,3,22
1515,12,9,8
1516,6,17,29
1517,22,3,25
1518,29,21,24
1519,2,18,12
1520,8,21,23
1521,8,21,23
1522,2,21,19
1523,22,13,10
1524,2,21,19
1525,8,17,1
1526,2,21,23
1527,1,5,10
1528,18,0,29
1529,15,3,23
1530,8,3,12
1531,0,21,1
1532,8,3,12
1533,19,21,29
1534,8,21,1
1535,8,9,25
1536,2,21,23
1537,2,1,23
1538,7,0,22
1539,8,18,12
1540,8,21,12
1541,19,13,25
1542,8,9,25
1543,10,9,21
1544,14,13,29
1545,26,21,23
1546,2,21,19
1547,2,21,23
1548,0,18,1
1549,8,21,19
1550,14,23,14
1551,0,18,23
1552,2,21,25
1553,2,21,25
1554,13,7,12
1555,20,7,31
1556,8,21,23
1557,26,21,23
1558,26,21,23
1559,18,3,22
1560,29,12,2
1561,27,13,29
1562,2,21,19
1563,27,8,3
1564,27,18,25
1565,2,1,22
1566,18,26,5
1567,29,12,23
1568,8,21,23
1569,15,3,1
1570,2,21,19
1571,6,14,3
1572,2,21,1
1573,19,21,29
1574,15,18,22
1575,8,21,23
1576,26,21,23
1577,0,21,25
1578,5,14,7
1579,21,9,20
1580,31,22,19
1581,8,21,19
1582,31,11,29
1583,2,21,23
1584,26,1,1
1585,6,22,1
1586,3,17,11
1587,26,1,30
1588,9,3,23
1589,5,9,3
1590,27,23,7
1591,2,21,25
1592,8,18,12
1593,25,9,3
1594,15,21,29
1595,19,3,12
1596,19,1,22
1597,19,3,7
1598,2,1,23
1599,2,1,25
1600,18,14,30
1601,19,3,22
1602,2,1,25
1603,8,21,25
1604,2,21,19
1605,2,21,19
1606,8,18,12
1607,2,21,25
1608,2,18,12
1609,2,21,19
1610,2,18,12
1611,2,21,1
1612,2,1,25
1613,15,3,13
1614,2,21,19
1615,15,3,1
1616,29,1,12
1617,8,18,12
1618,2,3,23
1619,2,21,23
1620,19,3,7
1621,2,1,25
1622,6,17,11
1623,6,13,21
1624,2,21,25
1625,2,21,29
1626,2,21,1
1627,26,18,12
1628,15,21,1
1629,2,1,13
1630,2,21,1
1631,2,21,19
1632,8,18,23
1633,2,21,25
1634,8,25,25
1635,8,3,23
1636,28,7,30
1637,26,21,12
1638,7,3,25
1639,7,21,23
1640,7,21,25
1641,7,21,3
1642,7,3,19
1643,7,13,12
1644,7,21,19
1645,7,3,23
1646,7,3,19
1647,7,21,19
1648,7,3,22
1649,7,21,19
1650,7,21,19
1651,7,13,12
1652,7,21,7
1653,7,21,19
1654,7,21,22
1655,7,21,22
1656,7,3,3
1657,7,3,19
1658,7,3,19
1659,7,21,19
1660,7,13,3
1661,7,13,19
1662,7,13,19
1663,27,8,22
1664,25,15,19
1665,25,15,19
1666,7,13,12
1667,7,3,19
1668,7,3,22
1669,26,21,30
1670,26,1,30
1671,26,1,30
1672,8,8,3
1673,8,8,7
1674,1,25,20
1675,10,7,5
1676,8,1,12
1677,2,21,23
1678,27,23,3
1679,31,3,26
1680,31,22,20
1681,31,26,2
1682,10,9,10
1683,9,10,1
1684,9,25,1
1685,9,18,1
1686,24,7,23
1687,5,14,11
1688,6,25,30
1689,15,21,29
1690,19,23,3
1691,2,18,29
1692,6,3,25
1693,2,1,23
1694,15,1,29
1695,27,8,3
1696,8,18,19
1697,6,9,12
1698,0,21,29
1699,9,1,19
1700,9,18,25
1701,5,18,23
1702,19,21,26
1703,9,18,1
1704,9,18,1
1705,24,26,2
1706,24,22,24
1707,9,3,25
1708,28,16,6
1709,9,25,25
1710,1,25,20
1711,8,21,23
1712,24,11,14
1713,28,23,17
1714,24,7,21
1715,5,18,25
1716,8,3,19
1717,24,26,30
1718,24,26,17
1719,9,18,1
1720,9,10,20
1721,28,5,2
1722,8,18,25
1723,1,21,23
1724,1,21,23
1725,14,21,29
1726,30,18,22
1727,8,21,25
1728,19,13,12
1729,15,21,23
1730,15,18,29
1731,8,1,24
1732,29,12,22
1733,19,18,23
1734,15,3,1
1735,2,21,25
1736,2,21,25
1737,2,21,23
1738,2,21,25
1739,8,21,23
1740,8,1,25
1741,2,21,19
1742,2,3,13
1743,2,21,25
1744,1,1,12
1745,5,28,20
1746,30,3,10
1747,5,26,7
1748,5,26,4
1749,9,18,25
1750,24,7,25
1751,9,14,2
1752,5,14,22
1753,2,1,25
1754,11,18,30
1755,18,28,20
1756,5,10,10
1757,5,18,2
1758,24,0,21
1759,11,10,19
1760,28,21,22
1761,3,13,20
1762,9,18,25
1763,11,10,7
1764,30,8,4
1765,9,18,2
1766,13,7,11
1767,0,1,25
1768,18,29,10
1769,5,26,11
1770,1,1,23
1771,2,18,12
1772,10,23,7
1773,2,21,19
1774,27,8,22
1775,0,18,25
1776,8,21,25
1777,8,17,3
1778,8,18,12
1779,2,1,23
1780,27,8,3
1781,2,18,12
1782,10,9,2
1783,13,23,17
1784,6,18,21
1785,27,8,3
1786,7,3,3
1787,2,8,3
1788,27,8,21
1789,27,8,3
1790,5,18,25
1791,8,21,25
1792,15,3,23
1793,14,0,1
1794,8,21,25
1795,19,3,25
1796,15,18,29
1797,2,21,23
1798,2,21,12
1799,18,3,20
1800,8,21,1
1801,18,14,22
1802,8,21,12
1803,5,18,22
1804,5,29,17
1805,5,18,2
1806,24,21,23
1807,5,5,26
1808,5,22,22
1809,18,11,8
1810,8,18,12
1811,29,12,22
1812,15,21,25
1813,2,1,25
1814,8,18,23
1815,8,8,19
1816,8,1,23
1817,8,21,23
1818,9,18,2
1819,10,18,25
1820,15,21,22
1821,8,3,23
1822,26,21,1
1823,29,25,23
1824,7,3,7
1825,7,18,3
1826,27,8,22
1827,1,4,6
1828,28,3,1
1829,8,8,19
1830,2,21,23
1831,2,21,25
1832,15,3,23
1833,4,9,8
1834,15,18,29
1835,8,21,30
1836,8,9,21
1837,29,12,1
1838,10,7,9
1839,8,25,25
1840,15,21,23
1841,27,21,22
1842,8,17,3
1843,27,13,12
1844,27,13,29
1845,27,13,12
1846,27,13,20
1847,22,3,30
1848,27,3,1
1849,27,21,25
1850,27,3,29
1851,27,1,1
1852,27,1,25
1853,2,21,19
1854,24,18,27
1855,2,21,19
1856,8,21,19
1857,2,18,12
1858,10,13,21
1859,2,9,21
1860,8,21,23
1861,31,13,12
1862,2,21,25
1863,2,18,12
1864,2,18,12
1865,22,3,19
1866,27,1,29
1867,27,13,12
1868,8,21,12
1869,27,3,25
1870,2,21,19
1871,29,22,26
1872,27,13,12
1873,27,21,22
1874,27,21,22
1875,27,3,1
1876,0,18,22
1877,27,3,25
1878,27,13,12
1879,27,13,12
1880,2,18,23
1881,27,21,30
1882,2,18,12
1883,2,21,25
1884,2,18,19
1885,2,21,23
1886,26,21,23
1887,26,21,23
1888,2,21,12
1889,8,21,12
1890,2,21,23
1891,29,12,23
1892,0,21,30
1893,26,21,25
1894,8,21,25
1895,8,1,25
1896,29,12,23
1897,8,18,12
1898,2,21,1
1899,26,21,25
1900,31,26,21
1901,8,21,25
1902,7,21,22
1903,0,13,30
1904,0,18,23
1905,31,18,3
1906,8,18,12
1907,29,12,23
1908,27,3,29
1909,2,21,29
1910,18,22,1
1911,0,21,25
1912,27,0,19
1913,2,18,23
1914,2,21,12
1915,2,21,1
1916,2,21,23
1917,14,3,29
1918,3,13,20
1919,2,21,23
1920,14,1,0
1921,27,8,3
1922,19,24,3
1923,19,18,7
1924,26,21,23
1925,2,21,19
1926,2,21,12
1927,2,21,12
1928,8,21,12
1929,14,7,20
1930,14,8,8
1931,26,21,29
1932,26,21,1
1933,15,21,19
1934,29,21,2
1935,2,21,19
1936,5,18,2
1937,8,21,23
1938,8,21,12
1939,15,21,23
1940,27,13,12
1941,8,28,22
1942,8,21,23
1943,8,21,23
1944,2,25,21
1945,2,21,23
1946,2,21,23
1947,8,18,25
1948,6,13,21
1949,2,21,25
1950,19,0,17
1951,2,21,19
1952,2,21,23
1953,2,18,12
1954,27,8,3
1955,15,18,23
1956,8,21,1
1957,8,18,25
1958,22,21,22
1959,8,21,12
1960,3,2,31
1961,19,21,12
1962,26,1,25
1963,8,21,25
1964,22,21,25
1965,7,21,23
1966,7,13,19
1967,2,21,12
1968,19,3,22
1969,0,18,25
1970,2,18,23
1971,2,1,19
1972,14,25,30
1973,8,21,19
1974,2,3,23
1975,2,21,19
1976,27,8,25
1977,0,18,23
1978,29,21,2
1979,2,21,19
1980,8,21,29
1981,4,17,15
1982,2,18,12
1983,27,23,2
1984,31,25,30
1985,2,21,25
1986,8,17,3
1987,8,18,25
1988,2,21,19
1989,26,21,25
1990,14,25,22
1991,5,22,20
1992,5,22,22
1993,8,3,23
1994,2,21,19
1995,8,21,1
1996,2,21,25
1997,8,3,25
1998,2,21,1
1999,20,13,31
2000,20,13,31
2001,20,13,31
2002,10,10,26
2003,10,10,26
2004,10,7,18
2005,0,18,23
2006,4,9,14
2007,8,3,25
2008,8,3,19
2009,17,7,17
2010,26,21,1
2011,8,21,25
2012,31,25,25
2013,25,1,30
2014,8,21,25
2015,8,21,19
2016,8,18,29
2017,8,21,29
2018,8,3,25
2019,8,21,19
2020,9,18,2
2021,0,18,23
2022,2,21,19
2023,8,18,25
2024,15,18,23
2025,27,8,7
2026,8,3,25
2027,27,21,23
2028,26,18,12
2029,20,25,20
2030,24,4,21
2031,8,3,25
2032,0,1,23
2033,2,21,19
2034,2,21,19
2035,1,25,20
2036,30,3,10
2037,19,3,7
2038,18,0,30
2039,31,1,30
2040,18,10,10
2041,17,3,5
2042,17,11,20
2043,8,1,25
2044,8,23,3
2045,6,21,25
2046,6,13,23
2047,6,21,23
2048,6,21,25
2049,8,1,25
2050,17,7,26
2051,15,21,22
2052,8,21,19
2053,26,18,12
2054,8,18,12
2055,22,21,19
2056,2,18,12
2057,17,29,11
2058,4,9,14
2059,8,21,23
2060,0,18,29
2061,19,13,12
2062,29,12,25
2063,6,3,19
2064,7,21,26
2065,24,29,17
2066,24,29,17
2067,26,21,23
2068,2,21,23
2069,2,21,25
2070,2,21,25
2071,2,21,25
2072,8,18,23
2073,2,21,19
2074,2,21,25
2075,2,1,25
2076,2,1,23
2077,2,21,19
2078,15,3,1
2079,26,1,25
2080,2,21,23
2081,27,21,29
2082,26,21,23
2083,7,21,26
2084,1,25,30
2085,28,10,22
2086,7,18,3
2087,7,3,25
2088,2,1,23
2089,25,13,3
2090,25,13,3
2091,25,13,20
2092,31,22,20
2093,8,18,19
2094,7,3,25
2095,7,21,23
2096,7,3,25
2097,7,21,25
2098,8,21,23
2099,7,13,12
2100,7,13,12
2101,2,18,25
2102,19,18,12
2103,14,26,3
2104,0,21,19
2105,18,3,22
2106,18,25,22
2107,8,21,25
2108,8,18,12
2109,2,18,12
2110,14,0,31
2111,31,9,12
2112,4,7,20
2113,8,1,7
2114,22,3,22
2115,15,3,23
2116,0,18,22
2117,7,22,26
2118,0,21,23
2119,2,21,12
2120,8,9,25
2121,22,8,3
2122,14,13,21
2123,0,21,1
2124,8,21,29
2125,2,21,25
2126,19,13,12
2127,1,10,27
2128,0,21,25
2129,29,21,29
2130,8,1,12
2131,8,3,12
2132,8,3,23
2133,2,21,19
2134,0,21,25
2135,2,21,23
2136,26,3,23
2137,27,13,12
2138,29,12,23
2139,8,21,19
2140,8,21,12
2141,19,13,7
2142,2,21,23
2143,7,18,19
2144,7,21,19
2145,7,3,25
2146,7,3,3
2147,7,13,19
2148,8,18,29
2149,7,21,19
2150,2,18,12
2151,2,21,19
2152,2,1,25
2153,22,3,1
2154,6,13,25
2155,12,31,26
2156,19,21,22
2157,12,9,20
2158,3,3,31
2159,4,9,26
2160,4,23,30
2161,20,13,31
2162,20,31,11
2163,20,31,11
2164,31,25,30
2165,31,1,30
2166,2,1,25
2167,17,7,9
2168,19,21,25
2169,8,3,23
2170,22,9,7
2171,2,21,12
2172,8,17,1
2173,2,18,19
2174,8,21,23
2175,2,18,12
2176,7,3,19
2177,20,7,31
2178,27,8,22
2179,22,13,29
2180,8,21,23
2181,21,13,23
2182,21,13,23
2183,8,21,25
2184,2,21,19
2185,0,18,29
2186,5,14,12
2187,2,8,3
2188,27,13,12
2189,2,21,23
2190,19,3,1
2191,11,10,30
2192,8,21,1
2193,31,13,25
2194,15,21,25
2195,15,21,25
2196,12,3,3
2197,0,21,22
2198,2,21,25
2199,8,18,12
2200,2,1,23
2201,26,21,1
2202,2,21,19
2203,19,24,3
2204,0,21,22
2205,18,13,7
2206,19,3,23
2207,15,18,19
2208,8,17,31
2209,8,21,19
2210,29,12,23
2211,2,21,25
2212,8,21,12
2213,15,1,12
2214,26,21,23
2215,0,18,23
2216,8,18,29
2217,8,21,23
2218,12,3,3
2219,4,14,20
2220,27,18,19
2221,8,18,1
2222,2,18,12
2223,27,13,20
2224,2,1,19
2225,2,1,19
2226,2,21,25
2227,2,21,19
2228,12,25,31
2229,12,31,18
2230,4,1,1
2231,31,3,19
2232,20,7,23
2233,8,21,19
2234,15,21,23
2235,15,21,29
2236,8,25,20
2237,2,21,19
2238,31,3,7
2239,29,12,23
2240,2,1,24
2241,16,7,20
2242,0,21,22
2243,2,21,12
2244,8,17,1
2245,2,1,25
2246,7,11,22
2247,7,18,3
2248,7,21,3
2249,7,21,12
2250,7,18,3
2251,7,21,7
2252,2,21,25
2253,3,23,20
2254,3,4,17
2255,3,4,17
2256,16,7,11
2257,7,13,1
2258,7,13,1
2259,7,18,12
2260,7,18,12
2261,7,18,19
2262,7,18,12
2263,7,21,19
2264,7,21,19
2265,7,18,23
2266,7,18,19
2267,7,3,25
2268,7,21,19
2269,7,0,22
2270,31,22,26
2271,19,0,22
2272,8,1,24
2273,19,21,22
2274,31,6,3
2275,20,13,31
2276,19,23,3
2277,7,0,22
2278,31,6,3
2279,31,6,3
2280,19,21,22
2281,25,13,20
2282,19,13,12
2283,19,3,30
2284,0,18,22
2285,22,0,22
2286,2,3,1
2287,2,1,25
2288,29,12,23
2289,22,18,12
2290,19,18,12
2291,2,21,25
2292,15,3,29
2293,0,25,2
2294,2,21,19
2295,8,21,12
2296,2,21,12
2297,5,14,10
2298,22,21,22
2299,19,18,22
2300,8,21,19
2301,2,1,25
2302,31,11,30
2303,19,25,30
2304,8,21,25
2305,2,21,25
2306,8,21,12
2307,29,12,23
2308,12,22,3
2309,24,22,21
2310,4,10,29
2311,2,21,19
2312,15,21,29
2313,2,21,19
2314,8,3,25
2315,27,13,29
2316,29,0,29
2317,9,14,22
2318,7,18,19
2319,2,18,12
2320,2,21,19
2321,25,15,29
2322,2,21,25
2323,0,3,1
2324,8,8,3
2325,8,8,19
2326,8,18,12
2327,27,8,22
2328,28,20,11
2329,29,21,2
2330,12,18,30
2331,17,13,23
2332,0,21,29
2333,2,21,23
2334,19,24,21
2335,19,18,23
2336,2,1,23
2337,2,1,19
2338,2,21,19
2339,2,21,23
2340,2,1,25
2341,18,13,3
2342,2,21,23
2343,17,13,23
2344,8,3,23
2345,31,13,25
2346,26,21,23
2347,2,21,19
2348,7,18,19
2349,14,13,29
2350,2,21,1
2351,2,21,1
2352,2,18,12
2353,8,0,1
2354,8,21,23
2355,17,0,30
2356,2,21,25
2357,26,21,1
2358,8,18,12
2359,8,1,19
2360,27,13,12
2361,7,13,12
2362,2,18,29
2363,31,1,30
2364,2,18,19
2365,2,21,12
2366,8,3,25
2367,2,21,19
2368,5,14,21
2369,27,3,22
2370,14,1,29
2371,22,3,19
2372,26,21,23
2373,26,1,1
2374,8,21,23
2375,8,21,19
2376,19,18,25
2377,8,21,23
2378,2,21,19
2379,8,21,19
2380,2,21,25
2381,0,18,2
2382,2,21,19
2383,19,1,12
2384,2,21,19
2385,27,21,19
2386,8,21,23
2387,8,8,20
2388,7,18,25
2389,7,3,3
2390,7,3,25
2391,7,13,12
2392,7,18,23
2393,8,21,23
2394,7,3,3
2395,8,18,23
2396,7,3,25
2397,7,1,19
2398,8,21,12
2399,8,1,25
2400,8,8,3
2401,8,3,23
2402,8,18,23
2403,8,21,23
2404,8,3,19
2405,8,21,25
2406,8,21,25
2407,11,10,23
2408,15,3,1
2409,14,3,5
2410,27,13,12
2411,26,18,23
2412,0,18,23
2413,8,17,3
2414,20,13,31
2415,4,16,10
2416,8,18,23
2417,24,7,27
2418,14,3,29
2419,19,13,25
2420,7,13,12
2421,31,13,10
2422,31,1,13
2423,31,25,13
2424,31,25,13
2425,27,18,19
2426,2,18,12
2427,18,11,2
2428,19,18,22
2429,14,8,29
2430,27,23,11
2431,9,1,1
2432,26,21,23
2433,2,18,12
2434,2,21,25
2435,29,25,2
2436,0,18,23
2437,14,18,1
2438,8,18,12
2439,0,18,30
2440,2,21,23
2441,27,18,22
2442,27,18,22
2443,2,3,23
2444,0,1,25
2445,2,21,23
2446,24,7,26
2447,2,21,19
2448,2,21,1
2449,26,21,1
2450,22,3,25
2451,20,3,9
2452,2,21,19
2453,7,3,3
2454,7,18,3
2455,7,21,3
2456,27,3,29
2457,24,28,27
2458,26,21,23
2459,19,3,23
2460,8,18,23
2461,26,21,1
2462,2,21,19
2463,8,3,1
2464,8,3,12
2465,8,18,23
2466,2,21,19
2467,8,21,2
2468,7,21,3
2469,8,3,25
2470,14,14,20
2471,6,11,29
2472,15,21,29
2473,8,3,12
2474,15,21,7
2475,5,13,2
2476,2,21,1
2477,7,13,12
2478,17,9,20
2479,17,9,20
2480,14,25,22
2481,2,21,23
2482,8,18,19
2483,0,21,19
2484,15,3,19
2485,9,14,23
2486,0,18,1
2487,8,3,12
2488,2,3,19
2489,8,21,25
2490,6,13,21
2491,6,13,21
2492,15,18,23
2493,19,3,7
2494,8,1,23
2495,7,18,19
2496,13,7,11
2497,7,21,22
2498,7,21,26
2499,27,8,7
2500,27,8,7
2501,2,18,12
2502,17,9,2
2503,15,21,29
2504,8,21,23
2505,2,21,23
2506,2,21,23
2507,2,21,30
2508,8,3,12
2509,26,21,23
2510,8,3,23
2511,3,2,11
2512,27,3,23
2513,8,21,1
2514,15,21,23
2515,15,3,23
2516,19,18,7
2517,19,13,12
2518,8,18,23
2519,31,22,20
2520,2,21,19
2521,26,21,23
2522,15,21,19
2523,2,21,25
2524,2,18,12
2525,19,13,25
2526,2,21,19
2527,2,21,1
2528,2,21,23
2529,19,1,1
2530,0,21,29
2531,8,3,25
2532,8,21,19
2533,2,21,19
2534,22,3,1
2535,19,3,1
2536,29,25,12
2537,15,21,1
2538,15,3,1
2539,31,25,13
2540,19,18,25
2541,8,1,1
2542,31,9,19
2543,31,3,30
2544,31,3,25
2545,18,11,14
2546,31,3,7
2547,27,13,12
2548,9,14,7
2549,14,13,25
2550,2,21,25
2551,26,21,1
2552,0,18,23
2553,2,18,12
2554,2,21,23
2555,31,9,1
2556,2,21,25
2557,22,3,1
2558,4,14,20
2559,15,21,29
2560,6,25,3
2561,19,3,21
2562,2,21,19
2563,8,3,23
2564,27,8,3
2565,2,21,19
2566,2,8,3
2567,26,21,23
2568,0,18,23
2569,2,21,23
2570,19,13,12
2571,27,8,3
2572,27,1,29
2573,19,21,19
2574,18,16,26
2575,4,10,21
2576,28,1,27
2577,2,21,25
2578,31,3,10
2579,31,13,1
2580,31,21,19
2581,25,15,19
2582,31,3,29
2583,2,21,25
2584,7,21,19
2585,2,18,23
2586,8,18,23
2587,29,21,2
2588,23,13,3
2589,2,21,25
2590,19,13,12
2591,26,1,25
2592,0,18,22
2593,27,3,23
2594,2,21,19
2595,19,1,29
2596,27,13,29
2597,2,18,23
2598,2,21,23
2599,8,21,25
2600,8,0,29
2601,8,18,12
2602,27,13,12
2603,7,3,7
2604,7,21,7
2605,7,1,25
2606,2,3,25
2607,6,7,12
2608,7,18,3
2609,8,21,23
2610,7,0,22
2611,19,21,12
2612,7,18,12
2613,7,21,23
2614,8,3,12
2615,6,13,25
2616,26,21,23
2617,8,3,23
2618,19,23,3
2619,8,25,2
2620,5,14,19
2621,26,21,12
2622,18,23,24
2623,26,21,23
2624,2,21,19
2625,8,3,12
2626,8,21,25
2627,8,3,25
2628,8,21,25
2629,8,21,25
2630,27,11,22
2631,26,3,23
2632,0,21,23
2633,2,21,23
2634,8,21,1
2635,8,1,23
2636,2,21,12
2637,2,18,12
2638,8,3,25
2639,2,1,13
2640,11,21,30
2641,27,3,1
2642,27,3,30
2643,25,13,20
2644,26,21,23
2645,8,18,19
2646,6,18,21
2647,27,18,12
2648,27,21,19
2649,19,3,13
2650,26,21,23
2651,2,21,25
2652,2,21,12
2653,17,7,20
2654,2,18,23
2655,8,21,25
2656,15,21,25
2657,19,18,7
2658,27,13,12
2659,8,18,23
2660,19,13,12
2661,2,21,23
2662,2,21,23
2663,7,11,3
2664,14,25,3
2665,26,18,23
2666,8,21,29
2667,8,21,19
2668,8,18,25
2669,2,21,19
2670,2,21,23
2671,2,18,12
2672,2,18,12
2673,2,21,23
2674,15,3,29
2675,2,21,1
2676,8,18,12
2677,0,18,1
2678,2,21,25
2679,0,18,22
2680,2,21,25
2681,27,13,12
2682,27,13,30
2683,15,1,29
2684,17,7,22
2685,2,18,12
2686,15,21,19
2687,6,13,25
2688,29,12,23
2689,2,21,25
2690,2,3,25
2691,2,18,23
2692,2,21,25
2693,14,1,29
2694,5,26,2
2695,2,21,19
2696,2,21,19
2697,15,1,13
2698,2,21,23
2699,8,18,23
2700,19,18,23
2701,15,21,19
2702,26,21,23
2703,2,21,25
2704,2,3,25
2705,2,18,12
2706,26,21,23
2707,8,21,23
2708,8,18,23
2709,8,18,12
2710,2,1,19
2711,2,18,23
2712,31,9,19
2713,2,21,25
2714,10,18,30
2715,8,21,25
2716,2,21,25
2717,19,18,22
2718,2,18,13
2719,0,21,29
2720,2,18,23
2721,8,21,23
2722,22,3,25
2723,2,21,12
2724,19,13,25
2725,2,21,19
2726,2,18,12
2727,10,9,1
2728,2,21,19
2729,15,3,22
2730,26,25,22
2731,9,10,29
2732,2,21,19
2733,11,10,22
2734,2,21,25
2735,2,21,23
2736,26,21,1
2737,2,21,1
2738,6,13,23
2739,18,1,1
2740,2,18,1
2741,6,25,20
2742,2,18,12
2743,2,21,19
2744,2,21,25
2745,26,21,23
2746,17,3,21
2747,22,0,3
2748,8,21,23
2749,2,21,25
2750,2,21,25
2751,26,21,23
2752,2,21,25
2753,19,3,24
2754,2,21,19
2755,26,9,2
2756,2,21,12
2757,2,21,19
2758,19,3,24
2759,8,18,23
2760,17,6,30
2761,2,21,23
2762,2,21,25
2763,2,21,25
2764,31,1,19
2765,2,3,25
2766,0,3,19
2767,26,21,1
2768,2,21,19
2769,27,13,12
2770,27,13,29
2771,29,21,23
2772,18,14,22
2773,31,22,1
2774,8,18,23
2775,2,21,19
2776,5,14,17
2777,2,21,19
2778,2,1,23
2779,2,18,12
2780,2,21,25
2781,27,13,12
2782,2,21,25
2783,2,21,25
2784,2,1,23
2785,2,1,23
2786,0,18,23
2787,27,3,1
2788,8,21,25
2789,8,1,23
2790,27,13,12
2791,8,18,23
2792,8,3,12
2793,8,21,19
2794,8,21,23
2795,0,18,22
2796,2,18,19
2797,2,21,19
2798,8,18,23
2799,8,3,12
2800,27,13,12
2801,2,21,19
2802,2,1,25
2803,2,21,12
2804,8,21,23
2805,8,21,23
2806,26,21,1
2807,14,1,29
2808,14,12,5
2809,8,3,23
2810,15,21,25
2811,2,18,12
2812,29,12,23
2813,2,0,19
2814,8,1,25
2815,8,8,19
2816,31,24,1
2817,26,9,7
2818,14,3,25
2819,8,9,25
2820,4,25,5
2821,2,21,25
2822,2,3,1
2823,2,21,19
2824,27,8,2
2825,31,25,12
2826,18,22,2
2827,8,18,12
2828,19,1,1
2829,8,18,23
2830,31,25,30
2831,0,21,1
2832,6,3,24
2833,8,3,25
2834,5,4,2
2835,2,21,19
2836,19,18,22
2837,2,1,12
2838,2,18,19
2839,2,21,25
2840,26,18,12
2841,18,16,26
2842,8,18,25
2843,8,3,23
2844,19,13,12
2845,2,18,12
2846,8,3,12
2847,29,12,2
2848,26,21,25
2849,8,3,25
2850,31,13,25
2851,19,18,7
2852,8,21,12
2853,14,3,29
2854,26,21,1
2855,27,13,12
2856,2,21,19
2857,0,18,22
2858,8,21,1
2859,26,21,23
2860,8,23,3
2861,19,21,23
2862,2,1,25
2863,2,18,12
2864,2,21,25
2865,2,21,12
2866,2,21,12
2867,22,24,29
2868,2,21,12
2869,19,3,25
2870,19,13,25
2871,25,1,20
2872,8,18,23
2873,2,21,19
2874,29,12,23
2875,7,13,25
2876,1,13,25
2877,7,13,3
2878,2,21,23
2879,8,21,23
2880,2,21,19
2881,7,3,12
2882,19,23,11
2883,27,1,30
2884,15,21,1
2885,0,18,30
2886,2,21,25
2887,2,21,25
2888,8,18,12
2889,26,18,12
2890,26,21,23
2891,19,24,21
2892,19,3,7
2893,17,10,10
2894,19,13,13
2895,29,21,2
2896,22,21,25
2897,2,18,12
2898,18,10,1
2899,2,21,25
2900,19,23,11
2901,2,21,25
2902,31,25,10
2903,8,21,23
2904,2,21,25
2905,8,3,25
2906,8,21,23
2907,17,0,30
2908,18,7,17
2909,8,21,19
2910,8,21,25
2911,8,25,1
2912,0,21,29
2913,8,3,25
2914,9,14,19
2915,9,14,7
2916,9,18,2
2917,9,18,23
2918,11,10,22
2919,17,6,30
2920,2,1,1
2921,22,18,29
2922,6,21,23
2923,6,13,25
2924,10,7,13
2925,2,21,1
2926,22,3,25
2927,26,21,1
2928,18,1,1
2929,29,21,23
2930,2,1,25
2931,2,21,25
2932,18,23,20
2933,6,21,23
2934,8,18,23
2935,22,3,25
2936,8,1,12
2937,0,21,30
2938,2,21,23
2939,26,21,23
2940,2,21,1
2941,15,21,22
2942,19,18,7
2943,2,21,25
2944,24,22,21
2945,2,9,11
2946,6,13,23
2947,6,13,23
2948,6,21,29
2949,6,21,29
2950,19,18,23
2951,15,21,1
2952,2,3,25
2953,1,9,17
2954,28,10,21
2955,28,10,7
2956,18,18,30
2957,31,18,21
2958,6,17,11
2959,31,13,25
2960,27,21,25
2961,8,21,23
2962,2,18,29
2963,26,3,12
2964,2,21,19
2965,8,21,25
2966,26,21,23
2967,18,15,22
2968,15,3,23
2969,0,18,22
2970,2,1,1
2971,2,21,19
2972,2,21,23
2973,6,23,26
2974,8,21,12
2975,8,21,23
2976,14,6,3
2977,2,21,19
2978,8,1,19
2979,2,1,23
2980,2,1,25
2981,2,21,1
2982,6,3,9
2983,6,18,21
2984,8,25,25
2985,27,21,22
2986,15,21,19
2987,27,8,26
2988,26,21,1
2989,2,21,1
2990,4,15,31
2991,2,21,19
2992,8,18,23
2993,5,18,21
2994,27,3,23
2995,19,23,11
2996,19,3,7
2997,7,0,22
2998,18,14,11
2999,7,3,25
3000,8,21,25
3001,18,0,29
3002,18,18,2
3003,26,21,23
3004,2,3,19
3005,8,18,23
3006,2,21,25
3007,7,13,19
3008,26,21,23
3009,0,21,19
3010,2,21,19
3011,2,23,3
3012,26,21,23
3013,27,13,12
3014,26,21,25
3015,8,21,23
3016,19,3,7
3017,2,21,19
3018,22,3,25
3019,8,21,12
3020,15,3,1
3021,22,18,19
3022,2,3,23
3023,8,3,23
3024,0,18,23
3025,22,3,25
3026,18,16,10
3027,8,21,1
3028,26,18,23
3029,14,1,29
3030,0,3,25
3031,8,21,23
3032,26,21,23
3033,12,25,30
3034,15,21,23
3035,27,18,19
3036,29,12,25
3037,8,18,19
3038,2,1,25
3039,8,3,23
3040,7,22,26
3041,0,18,30
3042,26,21,23
3043,8,18,12
3044,19,18,19
3045,27,11,22
3046,26,21,23
3047,8,21,25
3048,19,3,13
3049,22,13,12
3050,2,18,12
3051,26,21,23
3052,19,3,22
3053,7,13,25
3054,27,3,29
3055,8,21,12
3056,22,21,1
3057,15,3,1
3058,14,25,1
3059,26,21,23
3060,27,3,22
3061,2,21,25
3062,26,21,23
3063,31,8,10
3064,9,1,1
3065,26,18,29
3066,26,21,23
3067,8,3,25
3068,2,18,19
3069,26,21,23
3070,2,18,29
3071,2,1,12
3072,7,0,22
3073,25,3,20
3074,25,3,29
3075,12,31,11
3076,2,21,12
3077,6,13,23
3078,2,21,22
3079,2,21,19
3080,2,21,12
3081,22,9,5
3082,18,9,10
3083,2,21,25
3084,7,3,25
3085,2,1,23
3086,8,21,25
3087,26,21,23
3088,24,23,27
3089,4,16,8
3090,2,18,19
3091,8,21,19
3092,8,18,12
3093,2,18,12
3094,8,3,19
3095,8,3,1
3096,19,13,12
3097,19,3,1
3098,2,1,1
3099,19,3,22
3100,8,21,12
3101,19,3,25
3102,5,22,3
3103,18,11,10
3104,8,18,23
3105,0,21,23
3106,11,10,22
3107,0,18,23
3108,8,21,23
3109,8,3,25
3110,8,1,12
3111,26,3,23
3112,8,21,23
3113,12,15,20
3114,31,3,19
3115,19,18,25
3116,8,21,12
3117,27,8,29
3118,6,1,12
3119,8,3,12
3120,8,18,23
3121,31,1,30
3122,27,13,29
3123,18,10,10
3124,2,21,23
3125,2,1,25
3126,4,24,5
3127,31,25,7
3128,26,18,12
3129,2,21,19
3130,19,13,12
3131,6,21,13
3132,19,21,7
3133,2,18,19
3134,8,21,12
3135,7,0,22
3136,2,21,19
3137,7,13,19
3138,19,21,19
3139,6,25,25
3140,2,18,23
3141,2,21,1
3142,19,21,22
3143,27,0,22
3144,21,13,2
3145,21,21,23
3146,21,13,2
3147,21,18,2
3148,21,13,0
3149,21,13,0
3150,21,13,0
3151,8,9,10
3152,15,21,29
3153,8,21,23
3154,19,13,12
3155,8,21,12
3156,24,9,2
3157,24,9,10
3158,24,9,9
3159,19,13,12
3160,2,8,3
3161,19,18,3
3162,2,1,25
3163,19,21,25
3164,19,3,25
3165,19,18,7
3166,19,21,7
3167,2,1,23
3168,15,21,25
3169,29,12,23
3170,27,13,29
3171,8,21,23
3172,8,21,23
3173,8,21,23
3174,8,21,25
3175,8,8,3
3176,8,8,3
3177,8,8,19
3178,8,8,19
3179,8,8,30
3180,12,9,20
3181,10,23,11
3182,4,11,14
3183,2,23,3
3184,2,0,29
3185,4,16,9
3186,20,7,31
3187,4,9,26
3188,20,30,21
3189,27,21,19
3190,2,21,23
3191,25,15,19
3192,7,18,12
3193,31,22,20
3194,2,21,25
3195,8,3,12
3196,2,21,25
3197,2,21,25
3198,8,3,23
3199,31,3,19
3200,31,24,3
3201,19,13,12
3202,0,18,23
3203,2,1,19
3204,8,21,25
3205,2,18,12
3206,2,18,12
3207,24,27,2
3208,14,3,22
3209,8,8,3
3210,27,21,29
3211,31,7,12
3212,2,21,19
3213,22,3,23
3214,7,18,19
3215,2,1,25
3216,2,18,12
3217,2,1,19
3218,2,21,23
3219,2,1,23
3220,2,21,23
3221,0,18,25
3222,31,22,19
3223,2,21,19
3224,2,1,13
3225,0,21,1
3226,31,7,12
3227,23,7,3
3228,2,18,13
3229,2,21,25
3230,2,21,23
3231,5,22,11
3232,8,21,19
3233,6,13,12
3234,5,26,2
3235,20,30,31
3236,2,21,23
3237,7,18,25
3238,22,0,29
3239,5,1,1
3240,8,21,23
3241,2,18,12
3242,14,18,23
3243,14,18,23
3244,15,18,25
3245,18,10,10
3246,4,13,2
3247,4,13,13
3248,18,10,1
3249,4,17,0
3250,10,10,20
3251,8,21,12
3252,8,21,12
3253,5,25,1
3254,5,18,19
3255,8,8,3
3256,26,21,23
3257,31,6,3
3258,31,24,3
3259,31,13,25
3260,2,21,25
3261,8,21,25
3262,8,21,23
3263,8,1,25
3264,8,3,12
3265,2,21,23
3266,2,21,19
3267,2,3,25
3268,2,21,23
3269,19,21,12
3270,20,13,31
3271,26,21,23
3272,2,21,25
3273,27,11,17
3274,27,3,22
3275,27,1,22
3276,11,10,29
3277,2,21,12
3278,4,10,23
3279,2,1,25
3280,8,21,23
3281,4,9,14
3282,19,13,12
3283,10,10,21
3284,2,1,23
3285,8,21,25
3286,22,3,25
3287,2,21,25
3288,8,21,23
3289,2,21,23
3290,8,21,19
3291,2,21,19
3292,26,21,23
3293,8,3,1
3294,8,21,12
3295,24,7,11
3296,8,21,12
3297,15,21,29
3298,2,18,1
3299,15,18,22
3300,2,21,23
3301,21,13,3
3302,20,7,3
3303,7,22,25
3304,8,3,25
3305,7,13,25
3306,7,21,12
3307,6,11,20
3308,27,3,3
3309,18,13,11
3310,7,18,12
3311,7,21,1
3312,7,1,25
3313,7,13,12
3314,31,22,10
3315,7,13,12
3316,2,21,25
3317,2,3,23
3318,8,21,23
3319,7,1,29
3320,22,21,22
3321,27,13,29
3322,27,21,12
3323,8,21,23
3324,8,21,23
3325,2,1,12
3326,15,21,29
3327,15,21,22
3328,27,13,19
3329,8,1,25
3330,19,18,29
3331,19,13,12
3332,8,21,1
3333,8,3,12
3334,27,23,11
3335,3,23,20
3336,8,1,24
3337,8,21,25
3338,2,18,19
3339,8,21,1
3340,8,21,19
3341,2,21,25
3342,2,1,23
3343,2,21,19
3344,8,18,19
3345,0,21,25
3346,7,18,3
3347,10,18,1
3348,31,6,3
3349,18,10,1
3350,19,21,23
3351,8,21,25
3352,26,21,23
3353,8,21,12
3354,0,21,19
3355,2,1,23
3356,10,25,1
3357,2,21,19
3358,7,3,25
3359,8,17,31
3360,2,21,1
3361,27,21,23
3362,27,13,12
3363,26,21,23
3364,8,9,25
3365,26,21,23
3366,26,21,23
3367,2,18,12
3368,2,21,25
3369,8,21,29
3370,19,18,3
3371,7,3,19
3372,0,3,29
3373,2,1,19
3374,8,21,19
3375,26,21,23
3376,19,21,25
3377,2,21,25
3378,2,21,12
3379,2,1,23
3380,7,18,3
3381,7,21,23
3382,7,21,23
3383,2,1,23
3384,8,21,23
3385,8,21,23
3386,25,3,19
3387,8,21,12
3388,8,21,25
3389,17,6,30
3390,17,6,30
3391,8,8,3
3392,8,21,25
3393,7,1,23
3394,25,3,20
3395,25,13,3
3396,7,1,26
3397,19,1,17
3398,7,3,25
3399,22,1,25
3400,27,23,7
3401,7,3,22
3402,7,3,19
3403,7,3,1
3404,7,21,19
3405,7,21,19
3406,8,21,25
3407,26,21,1
3408,13,7,23
3409,6,17,21
3410,27,13,29
3411,8,3,19
3412,2,21,25
3413,2,21,23
3414,2,21,19
3415,22,3,25
